{
  "results": {
    "LinearRegression": {
      "R2": -0.15738304020818883,
      "RMSE": 97.79389309151397,
      "MAE": 69.24353604003826
    },
    "RandomForest": {
      "R2": -0.20472535656273538,
      "RMSE": 99.77395870675038,
      "MAE": 46.51834645669291
    }
  },
  "best_model": "LinearRegression"
}